id,address,apiURLs,assessedValues,brokers,buildingName,city,companies,congressionalDistrictHouse,country,county,countyFIPS,currentOwnerType,dateAdded,dateUpdated,deposits,descriptions,domains,estimatedPrices,features,fees,floorSizeValue,floorSizeUnit,geoLocation,imageURLs,instrumentNumber,keys,languagesSpoken,latitude,leasingTerms,legalDescription,legalRange,listingName,longitude,lotSizeValue,lotSizeUnit,managedBy,mostRecentPriceAmount,mostRecentPriceDomain,mostRecentPriceSourceURL,mostRecentPriceDate,mostRecentPriceFirstDateSeen,mostRecentBrokerAgent,mostRecentBrokerCompany,mostRecentBrokerEmails,mostRecentBrokerPhones,mostRecentBrokerDateSeen,mostRecentPriceAmount.1,mostRecentPriceDomain.1,mostRecentPricePerSquareFoot,mostRecentPriceSourceURL.1,mostRecentPriceDate.1,mostRecentPriceFirstDateSeen.1,mostRecentRentalPriceAmount,mostRecentRentalPricePeriod,mostRecentRentalPriceDomain,mostRecentRentalPricePerSquareFoot,mostRecentRentalPriceSourceURL,mostRecentRentalPriceDate,mostRecentRentalPriceFirstDateSeen,mostRecentEstimatedPriceAmount,mostRecentEstimatedPriceDomain,mostRecentEstimatedPricePerSquareFoot,mostRecentEstimatedPriceSourceURL,mostRecentEstimatedPriceDate,mostRecentEstimatedPriceFirstDateSeen,mostRecentStatus,mostRecentStatusDate,mostRecentStatusFirstDateSeen,mostRecentVacancy,mostRecentVacancyFirstDateSeen,mostRecentAbsenteeOwner,mostRecentAbsenteeOwnerFirstDateSeen,mostRecentInvoluntaryJudgement,mostRecentInvoluntaryLien,mostRecentInvoluntaryLienJudgementFirstDateSeen,mlsNumber,neighborhoods,numBathroom,numBedroom,numFloor,numPeople,numRoom,numUnit,parking,paymentTypes,people,petPolicy,phones,postalCode,prices,propertyTaxes,propertyType,province,reviews,rules,subdivision,sourceURLs,statuses,taxID,transactions,yearBuilt
e3e70682-c209-4cac-a29f-6fbed82c07cd,"764 Howard Forge Apt. 421, Vanessaside, PA 19763",,,,,Coreyland,,,SE,,,,,,,,,,,,237,sqm,,,,,,36.739845,,,,,120.547683,5069,sqm,,299874,,,,,,,,,,,,,,,,1966,,,,,,,,,,,,,,,,,,,,,,,,,4,1,2,,10,,,,,,,43780,,,Condo,Utah,,,,http://stewart-bowman.com/,"[{""date"":""2007-08-08T01:12:34"",""dateSeen"":""2002-06-18T03:24:51"",""status"":""Active""}]",,,1962
42af9fc3-8577-4e9a-9d84-f39e71545a13,"60975 Jessica Squares, East Sallybury, FL 71671",,,,,Davismouth,,,SE,,,,,,,,,,,,158,sqm,,,,,,-60.725007,,,,,-18.161987,8825,sqm,,419713,,,,,,,,,,,,,,,,2965,,,,,,,,,,,,,,,,,,,,,,,,,2,3,1,,3,,,,,,,64632,,,House,North Carolina,,,,https://www.cook.org/,"[{""date"":""2007-03-29T11:28:19"",""dateSeen"":""2009-12-27T07:14:03"",""status"":""Active""}]",,,1979
98a6416d-1775-436d-b1ea-cd0549a3e80e,"342 Lori Bypass Suite 711, East Sandra, CO 92162",,,,,Masseyhaven,,,SE,,,,,,,,,,,,199,sqm,,,,,,-26.782986,,,,,-64.464688,7835,sqm,,343503,,,,,,,,,,,,,,,,912,,,,,,,,,,,,,,,,,,,,,,,,,3,1,3,,3,,,,,,,68893,,,House,Louisiana,,,,https://vasquez-davidson.com/,"[{""date"":""1975-08-10T09:24:08"",""dateSeen"":""1992-01-27T03:18:18"",""status"":""Active""}]",,,2015
964a870c-7c87-4b74-9d87-8f9f9cdf5a86,"04135 Marvin Via, North Kristabury, OK 83627",,,,,North Davidborough,,,SE,,,,,,,,,,,,274,sqm,,,,,,-57.869491,,,,,30.028954,7353,sqm,,323339,,,,,,,,,,,,,,,,1566,,,,,,,,,,,,,,,,,,,,,,,,,4,3,3,,5,,,,,,,75992,,,Apartment,Rhode Island,,,,http://johnson.com/,"[{""date"":""1982-08-03T12:03:33"",""dateSeen"":""2018-11-13T19:17:17"",""status"":""Active""}]",,,1970
ba26d851-35e8-479a-baaf-0e891fb797fa,"691 Jones Cliffs, Michaelburgh, NY 61728",,,,,New Craigfurt,,,SE,,,,,,,,,,,,30,sqm,,,,,,6.248956,,,,,72.445376,8186,sqm,,484143,,,,,,,,,,,,,,,,1864,,,,,,,,,,,,,,,,,,,,,,,,,1,1,3,,8,,,,,,,34597,,,Cabin,Illinois,,,,http://www.kramer.com/,"[{""date"":""1993-04-18T05:23:04"",""dateSeen"":""2006-01-12T03:40:37"",""status"":""Active""}]",,,1990
ebe21368-98c7-4205-9e01-a934402d0baf,"76984 Price Shoals, Erictown, WA 10865",,,,,Joanneside,,,SE,,,,,,,,,,,,102,sqm,,,,,,-25.540486,,,,,78.678947,8996,sqm,,284865,,,,,,,,,,,,,,,,873,,,,,,,,,,,,,,,,,,,,,,,,,3,1,1,,5,,,,,,,18174,,,House,Louisiana,,,,https://howard.org/,"[{""date"":""1979-01-03T10:26:18"",""dateSeen"":""2018-09-12T19:34:15"",""status"":""Active""}]",,,1930
6a174c1c-bf9c-4545-a355-18f74f6fa985,"93523 Dana Lane, Johnsonshire, WI 87296",,,,,East Seanview,,,SE,,,,,,,,,,,,179,sqm,,,,,,29.820115,,,,,103.238665,2144,sqm,,337016,,,,,,,,,,,,,,,,1862,,,,,,,,,,,,,,,,,,,,,,,,,3,5,2,,3,,,,,,,21169,,,Cabin,Vermont,,,,https://www.simpson.info/,"[{""date"":""1973-05-24T04:51:18"",""dateSeen"":""2025-01-20T22:39:04"",""status"":""Active""}]",,,1938
cffa6cdd-f963-47ef-a001-11e5d29dc5df,"206 Stewart Forest, Lake Karenhaven, CT 25464",,,,,New Debraport,,,SE,,,,,,,,,,,,153,sqm,,,,,,-41.085382,,,,,-126.215901,4856,sqm,,146400,,,,,,,,,,,,,,,,1275,,,,,,,,,,,,,,,,,,,,,,,,,3,4,1,,8,,,,,,,90749,,,House,Louisiana,,,,https://miller.com/,"[{""date"":""1987-06-16T01:30:48"",""dateSeen"":""1979-01-30T04:27:34"",""status"":""Active""}]",,,1940
a699bae0-d138-4150-8557-716aa7502a81,"40003 Grant Lakes, Port Karafort, SD 60619",,,,,Watsonside,,,SE,,,,,,,,,,,,65,sqm,,,,,,10.818698,,,,,135.210606,1571,sqm,,405846,,,,,,,,,,,,,,,,1033,,,,,,,,,,,,,,,,,,,,,,,,,1,5,3,,6,,,,,,,27743,,,House,Idaho,,,,https://www.hernandez.com/,"[{""date"":""2023-09-26T04:33:42"",""dateSeen"":""1994-12-27T20:12:38"",""status"":""Active""}]",,,1960
c787ddfb-5697-417c-97fd-3736b7ef941c,"2294 Foster Plaza, West Danny, IA 06826",,,,,Haydenhaven,,,SE,,,,,,,,,,,,230,sqm,,,,,,-8.752464,,,,,36.449787,8694,sqm,,194511,,,,,,,,,,,,,,,,2637,,,,,,,,,,,,,,,,,,,,,,,,,1,1,3,,10,,,,,,,09789,,,House,Washington,,,,https://rodriguez-hoffman.info/,"[{""date"":""2002-04-04T10:47:16"",""dateSeen"":""1992-12-09T04:22:28"",""status"":""Active""}]",,,1987
cff4c56b-f9ea-4c64-8c41-7e7cd741d609,"76045 Samantha Road Suite 111, Lake Jeffrey, AL 13356",,,,,Hawkinsport,,,SE,,,,,,,,,,,,282,sqm,,,,,,67.004864,,,,,-63.362892,5955,sqm,,93187,,,,,,,,,,,,,,,,1828,,,,,,,,,,,,,,,,,,,,,,,,,2,5,2,,6,,,,,,,64545,,,House,New Hampshire,,,,https://www.robinson-duarte.org/,"[{""date"":""2022-11-18T22:18:01"",""dateSeen"":""1981-05-03T09:30:15"",""status"":""Active""}]",,,1957
1d7173e5-5bc7-4deb-b123-4efe6e648043,"731 Sanders Fords, Port Jasonberg, ID 60585",,,,,Wardberg,,,SE,,,,,,,,,,,,127,sqm,,,,,,40.970036,,,,,-100.327273,4081,sqm,,58498,,,,,,,,,,,,,,,,1610,,,,,,,,,,,,,,,,,,,,,,,,,4,5,3,,7,,,,,,,78651,,,Cabin,Connecticut,,,,https://simpson.info/,"[{""date"":""2003-12-07T22:16:37"",""dateSeen"":""2013-03-20T14:54:21"",""status"":""Active""}]",,,2008
8af58903-33b5-43ce-9fec-4623ab899605,"55508 Nancy Rapids, Port Nicholas, VT 93086",,,,,Jonesland,,,SE,,,,,,,,,,,,61,sqm,,,,,,-72.188050,,,,,-59.155375,1748,sqm,,460579,,,,,,,,,,,,,,,,1099,,,,,,,,,,,,,,,,,,,,,,,,,2,3,1,,7,,,,,,,05667,,,Cabin,North Dakota,,,,http://www.smith-anthony.com/,"[{""date"":""1980-12-07T23:21:16"",""dateSeen"":""2024-06-26T03:36:53"",""status"":""Active""}]",,,1954
75f2bc20-a7f5-495c-9e62-d43f261908b9,"Unit 8688 Box 0918, DPO AP 10509",,,,,Bullockborough,,,SE,,,,,,,,,,,,67,sqm,,,,,,70.689292,,,,,44.326490,537,sqm,,115244,,,,,,,,,,,,,,,,1272,,,,,,,,,,,,,,,,,,,,,,,,,1,5,3,,10,,,,,,,70679,,,House,Maine,,,,https://willis.com/,"[{""date"":""2020-05-29T07:50:41"",""dateSeen"":""1982-05-20T20:41:25"",""status"":""Active""}]",,,1977
4124405b-91fc-4e88-81c1-6e984d6cd782,"4666 Frank Crossroad Apt. 450, South Robertfort, PA 94504",,,,,Lake Hollystad,,,SE,,,,,,,,,,,,41,sqm,,,,,,74.220991,,,,,70.331608,3288,sqm,,146978,,,,,,,,,,,,,,,,1007,,,,,,,,,,,,,,,,,,,,,,,,,4,1,2,,3,,,,,,,05112,,,Cabin,Nebraska,,,,https://garcia.com/,"[{""date"":""1972-03-17T22:24:12"",""dateSeen"":""2010-09-18T20:00:16"",""status"":""Active""}]",,,1904
52ebdac5-a145-4899-a1f8-c1569e0df45b,"67109 Mendez Junction Apt. 942, Lloydville, WY 25290",,,,,Port Philipstad,,,SE,,,,,,,,,,,,247,sqm,,,,,,32.264360,,,,,11.423368,1762,sqm,,488253,,,,,,,,,,,,,,,,1564,,,,,,,,,,,,,,,,,,,,,,,,,2,1,3,,2,,,,,,,25467,,,Condo,Wisconsin,,,,http://www.tucker.net/,"[{""date"":""2015-05-11T05:23:23"",""dateSeen"":""2008-09-26T22:52:48"",""status"":""Active""}]",,,1969
3acaaf82-374a-4cc9-a039-7e67926146de,"412 Snow Manors Apt. 161, South Kimtown, NV 57004",,,,,Johnsonmouth,,,SE,,,,,,,,,,,,253,sqm,,,,,,-68.917470,,,,,9.248620,3054,sqm,,82003,,,,,,,,,,,,,,,,2562,,,,,,,,,,,,,,,,,,,,,,,,,2,1,3,,6,,,,,,,33607,,,Cabin,Washington,,,,http://www.holt-reed.com/,"[{""date"":""1970-09-05T15:53:57"",""dateSeen"":""1985-09-07T22:44:53"",""status"":""Active""}]",,,1944
98ba0f0e-120d-4126-9da5-3b38d1aa6c5e,"PSC 3031, Box 0450, APO AP 31022",,,,,East Shawn,,,SE,,,,,,,,,,,,163,sqm,,,,,,-20.684906,,,,,-110.122120,5974,sqm,,433568,,,,,,,,,,,,,,,,2426,,,,,,,,,,,,,,,,,,,,,,,,,1,5,1,,8,,,,,,,45648,,,Condo,New Mexico,,,,http://www.rogers-woodward.com/,"[{""date"":""2007-08-24T23:21:00"",""dateSeen"":""2013-04-10T18:29:48"",""status"":""Active""}]",,,1925
fe3216bd-97d0-4e70-af1d-9bef53b53b92,"62235 Joel Ferry Suite 560, New Andrew, UT 10096",,,,,South Kevin,,,SE,,,,,,,,,,,,112,sqm,,,,,,-51.806070,,,,,137.331791,5708,sqm,,327596,,,,,,,,,,,,,,,,1526,,,,,,,,,,,,,,,,,,,,,,,,,2,1,3,,4,,,,,,,97609,,,House,Nebraska,,,,https://gomez.net/,"[{""date"":""1973-12-09T01:06:53"",""dateSeen"":""1995-08-14T06:17:15"",""status"":""Active""}]",,,2008
f642c8f3-6acf-49eb-8228-4fd9689bba65,"3547 Stephanie Underpass Apt. 418, Port Jacqueline, HI 55774",,,,,Thompsonmouth,,,SE,,,,,,,,,,,,239,sqm,,,,,,-51.729831,,,,,10.786447,9424,sqm,,316652,,,,,,,,,,,,,,,,1775,,,,,,,,,,,,,,,,,,,,,,,,,4,2,1,,9,,,,,,,69097,,,Cabin,Michigan,,,,https://www.fischer-phillips.info/,"[{""date"":""2012-02-08T18:06:46"",""dateSeen"":""2001-06-10T08:12:21"",""status"":""Active""}]",,,1987
1d4d1180-4c6e-4fbb-b7fe-f6b501fda698,"926 Davis Parks Apt. 864, North Josephton, KS 52723",,,,,Wallaceview,,,SE,,,,,,,,,,,,36,sqm,,,,,,-37.378358,,,,,139.658266,7603,sqm,,438798,,,,,,,,,,,,,,,,823,,,,,,,,,,,,,,,,,,,,,,,,,4,3,1,,10,,,,,,,37646,,,Apartment,Minnesota,,,,http://www.sparks.net/,"[{""date"":""1993-02-17T00:31:43"",""dateSeen"":""1978-01-16T11:59:35"",""status"":""Active""}]",,,1988
e404d808-3fc1-4c00-9c05-20a487ba3b90,"PSC 2164, Box 4829, APO AP 82701",,,,,New Daniel,,,SE,,,,,,,,,,,,276,sqm,,,,,,18.290318,,,,,-30.419926,5870,sqm,,369886,,,,,,,,,,,,,,,,1679,,,,,,,,,,,,,,,,,,,,,,,,,1,5,2,,4,,,,,,,71748,,,Apartment,South Dakota,,,,https://carroll-taylor.com/,"[{""date"":""2017-06-07T19:44:42"",""dateSeen"":""1978-03-15T11:41:56"",""status"":""Active""}]",,,1930
77cb1a27-974f-4edc-a6b6-208761a53fdd,"7637 Neal Island Suite 074, Lake Tyler, RI 28775",,,,,West Thomastown,,,SE,,,,,,,,,,,,71,sqm,,,,,,-68.156627,,,,,179.170709,124,sqm,,361729,,,,,,,,,,,,,,,,1287,,,,,,,,,,,,,,,,,,,,,,,,,2,3,2,,8,,,,,,,09211,,,Apartment,North Dakota,,,,https://www.williams-oliver.com/,"[{""date"":""2013-07-30T13:31:03"",""dateSeen"":""2017-08-12T18:50:28"",""status"":""Active""}]",,,2006
3a082921-e695-48ba-ba23-38fe4ae302f3,"16756 Mark Rue Suite 272, Davidburgh, MI 51471",,,,,Romanfurt,,,SE,,,,,,,,,,,,242,sqm,,,,,,-37.334396,,,,,55.832378,616,sqm,,260903,,,,,,,,,,,,,,,,2824,,,,,,,,,,,,,,,,,,,,,,,,,2,2,1,,9,,,,,,,29357,,,Apartment,Washington,,,,http://www.johnson-schultz.com/,"[{""date"":""1994-09-29T13:54:42"",""dateSeen"":""1973-11-17T12:08:45"",""status"":""Active""}]",,,1948
2c623ac3-ad70-47cf-a358-cb1dbe3feafd,"184 Jenkins Center Suite 977, Janetborough, KY 06036",,,,,North Franciscotown,,,SE,,,,,,,,,,,,110,sqm,,,,,,-88.086039,,,,,-104.619569,7413,sqm,,326600,,,,,,,,,,,,,,,,2495,,,,,,,,,,,,,,,,,,,,,,,,,1,2,2,,3,,,,,,,86304,,,Condo,Maine,,,,http://walker.com/,"[{""date"":""2000-11-15T21:04:52"",""dateSeen"":""1983-02-15T06:27:12"",""status"":""Active""}]",,,1933
9b3a0c89-1a32-4148-9bba-c83856e9b78d,"8754 Alejandra Field Suite 138, Jacobborough, TX 96055",,,,,Larryfurt,,,SE,,,,,,,,,,,,269,sqm,,,,,,2.325792,,,,,-51.171380,916,sqm,,474173,,,,,,,,,,,,,,,,2200,,,,,,,,,,,,,,,,,,,,,,,,,1,4,2,,6,,,,,,,63688,,,Cabin,Kentucky,,,,http://jones.com/,"[{""date"":""2025-01-19T20:53:52"",""dateSeen"":""1998-01-17T07:16:00"",""status"":""Active""}]",,,2007
70aaf525-75e4-47dd-be5b-637dfa98c115,"12637 Lisa Points, Williamsburgh, NM 29343",,,,,Port Monica,,,SE,,,,,,,,,,,,243,sqm,,,,,,26.727464,,,,,-122.401603,5280,sqm,,51778,,,,,,,,,,,,,,,,1374,,,,,,,,,,,,,,,,,,,,,,,,,1,2,1,,8,,,,,,,42391,,,House,Minnesota,,,,https://www.phillips.net/,"[{""date"":""2013-03-03T00:16:15"",""dateSeen"":""1987-10-05T21:23:29"",""status"":""Active""}]",,,2021
1e651ac1-043d-4c47-bb56-735e45c596d4,"63340 Trevino Crossing, Brewerville, OK 47543",,,,,Lake Jennifer,,,SE,,,,,,,,,,,,90,sqm,,,,,,-14.256348,,,,,-61.051966,3352,sqm,,208553,,,,,,,,,,,,,,,,1646,,,,,,,,,,,,,,,,,,,,,,,,,1,5,3,,3,,,,,,,87088,,,Cabin,Ohio,,,,http://www.parker.info/,"[{""date"":""1989-07-09T05:23:09"",""dateSeen"":""2009-08-11T04:33:15"",""status"":""Active""}]",,,1924
03f7ba05-cf4b-4315-a325-4d812bdfb727,"9026 Theresa Pass Apt. 237, East Jessica, IN 50912",,,,,Charlotteberg,,,SE,,,,,,,,,,,,170,sqm,,,,,,-61.005242,,,,,150.721485,7521,sqm,,469338,,,,,,,,,,,,,,,,974,,,,,,,,,,,,,,,,,,,,,,,,,1,4,2,,3,,,,,,,65835,,,House,South Dakota,,,,http://bryant-smith.com/,"[{""date"":""2007-10-21T14:03:03"",""dateSeen"":""2014-06-03T12:32:55"",""status"":""Active""}]",,,1902
7ea496f5-e10b-4aad-a92d-6b0529bccee9,"514 Cassandra Squares Apt. 546, East Benjaminbury, NV 88113",,,,,West Max,,,SE,,,,,,,,,,,,109,sqm,,,,,,-85.442900,,,,,11.318194,4661,sqm,,496294,,,,,,,,,,,,,,,,576,,,,,,,,,,,,,,,,,,,,,,,,,2,5,3,,7,,,,,,,40465,,,Apartment,Hawaii,,,,http://www.johnson-burton.com/,"[{""date"":""1986-06-07T16:41:23"",""dateSeen"":""1973-01-22T13:37:18"",""status"":""Active""}]",,,1914
a7647989-f20e-4bda-b9cc-6d88032f594d,"6237 Thomas Inlet, Lake Mark, WA 54061",,,,,Smithview,,,SE,,,,,,,,,,,,191,sqm,,,,,,34.191619,,,,,-157.484145,6111,sqm,,347516,,,,,,,,,,,,,,,,672,,,,,,,,,,,,,,,,,,,,,,,,,1,2,3,,6,,,,,,,70144,,,Cabin,Ohio,,,,http://jackson-mason.org/,"[{""date"":""2015-01-18T12:23:20"",""dateSeen"":""2004-12-21T21:55:31"",""status"":""Active""}]",,,1971
25ee54ab-b319-4702-bb80-d98dd70da545,"30282 Ronald Way, New Courtneyberg, PA 05750",,,,,Matthewfurt,,,SE,,,,,,,,,,,,136,sqm,,,,,,-80.251485,,,,,86.473160,6253,sqm,,357822,,,,,,,,,,,,,,,,1692,,,,,,,,,,,,,,,,,,,,,,,,,4,4,2,,10,,,,,,,82521,,,Condo,Alaska,,,,http://powers-ellis.net/,"[{""date"":""1994-03-19T16:37:42"",""dateSeen"":""1981-01-16T14:37:34"",""status"":""Active""}]",,,1922
566ff3ec-679b-49e8-80c3-2da9bc49b58e,"0484 Madden Trail Suite 076, South Michaelton, KY 97488",,,,,West Erinshire,,,SE,,,,,,,,,,,,218,sqm,,,,,,-34.407561,,,,,104.150740,1635,sqm,,227343,,,,,,,,,,,,,,,,646,,,,,,,,,,,,,,,,,,,,,,,,,2,2,2,,7,,,,,,,38482,,,Cabin,Vermont,,,,https://clark-knight.com/,"[{""date"":""2024-10-07T09:33:37"",""dateSeen"":""1986-07-07T00:19:58"",""status"":""Active""}]",,,1943
88644581-b857-4478-ac82-5818960da788,"25090 Stephanie Lake Suite 457, Burkeburgh, WY 18950",,,,,South Davidtown,,,SE,,,,,,,,,,,,232,sqm,,,,,,88.297252,,,,,175.857679,9086,sqm,,117969,,,,,,,,,,,,,,,,1701,,,,,,,,,,,,,,,,,,,,,,,,,3,2,1,,6,,,,,,,63469,,,Cabin,Washington,,,,https://www.dunn.com/,"[{""date"":""1981-10-30T15:44:35"",""dateSeen"":""2006-01-13T12:43:34"",""status"":""Active""}]",,,1946
a3af11d0-a8ab-49f1-9033-93102b7bde99,"896 Baker Haven, South Kimberlyview, ND 69610",,,,,Veronicaborough,,,SE,,,,,,,,,,,,297,sqm,,,,,,-51.960754,,,,,-176.817664,1261,sqm,,208686,,,,,,,,,,,,,,,,2151,,,,,,,,,,,,,,,,,,,,,,,,,4,2,1,,6,,,,,,,57084,,,Cabin,Virginia,,,,http://marshall-johnson.biz/,"[{""date"":""2013-04-29T09:40:01"",""dateSeen"":""2011-10-17T08:54:06"",""status"":""Active""}]",,,1922
3a72017d-c29e-4120-8ddb-2316cc68fd3f,"PSC 5823, Box 5703, APO AP 32230",,,,,Jacobchester,,,SE,,,,,,,,,,,,276,sqm,,,,,,30.307323,,,,,-52.904634,7866,sqm,,226727,,,,,,,,,,,,,,,,1907,,,,,,,,,,,,,,,,,,,,,,,,,3,4,1,,3,,,,,,,75623,,,Apartment,California,,,,https://www.martin.biz/,"[{""date"":""2013-03-12T18:29:26"",""dateSeen"":""1996-11-11T08:55:28"",""status"":""Active""}]",,,1971
6fed6cc5-40b0-40a4-8598-244bf0bd7405,"514 Travis Track Suite 366, Rowefurt, AZ 76875",,,,,Gomezshire,,,SE,,,,,,,,,,,,49,sqm,,,,,,-15.281051,,,,,-3.844152,5046,sqm,,225679,,,,,,,,,,,,,,,,1137,,,,,,,,,,,,,,,,,,,,,,,,,4,1,3,,9,,,,,,,74480,,,Cabin,Florida,,,,http://mccall-taylor.com/,"[{""date"":""2008-07-06T00:02:31"",""dateSeen"":""1993-08-23T12:21:28"",""status"":""Active""}]",,,1954
30d6863f-11c2-42d8-8126-77895c6be596,"50562 Russell Divide Apt. 648, East Davidberg, NJ 92947",,,,,Lake Madisonton,,,SE,,,,,,,,,,,,143,sqm,,,,,,79.442197,,,,,27.911087,1101,sqm,,251752,,,,,,,,,,,,,,,,532,,,,,,,,,,,,,,,,,,,,,,,,,4,1,1,,3,,,,,,,91096,,,House,Oklahoma,,,,http://hess.com/,"[{""date"":""1983-09-20T21:46:34"",""dateSeen"":""2024-06-15T02:15:51"",""status"":""Active""}]",,,1925
b56b9357-b34d-48b0-93f3-c15842ce91c0,"727 Benjamin Prairie Apt. 805, East Deborahmouth, IA 60619",,,,,Lake Matthew,,,SE,,,,,,,,,,,,280,sqm,,,,,,37.905616,,,,,118.457331,9682,sqm,,424554,,,,,,,,,,,,,,,,1389,,,,,,,,,,,,,,,,,,,,,,,,,4,5,3,,6,,,,,,,18179,,,Cabin,Tennessee,,,,http://www.cooper.biz/,"[{""date"":""2011-05-06T12:14:39"",""dateSeen"":""1993-12-22T23:08:03"",""status"":""Active""}]",,,1957
d560e64c-55f7-492a-b39a-c9e291fd7d4a,"125 Ian Crossroad Apt. 593, South Deannaport, MS 07347",,,,,West Samantha,,,SE,,,,,,,,,,,,115,sqm,,,,,,-75.502767,,,,,56.602595,7165,sqm,,150634,,,,,,,,,,,,,,,,1968,,,,,,,,,,,,,,,,,,,,,,,,,1,3,1,,6,,,,,,,54008,,,Condo,California,,,,https://collins.com/,"[{""date"":""1972-02-02T18:26:56"",""dateSeen"":""2000-11-16T11:55:23"",""status"":""Active""}]",,,1974
f30459cc-30c4-4d61-839f-4b86cd6a5e0c,"10502 Gilbert Shoal Apt. 578, Alvarezton, MO 34873",,,,,Lake Zacharyland,,,SE,,,,,,,,,,,,133,sqm,,,,,,-63.562890,,,,,73.071584,2048,sqm,,310616,,,,,,,,,,,,,,,,2130,,,,,,,,,,,,,,,,,,,,,,,,,1,1,3,,9,,,,,,,47496,,,Cabin,Michigan,,,,http://www.garrett.biz/,"[{""date"":""1992-12-24T08:33:39"",""dateSeen"":""1980-09-03T18:58:00"",""status"":""Active""}]",,,1996
259a2b28-b22b-4974-8c5c-192ff1c51dda,"395 Timothy Road, Williamsbury, LA 43567",,,,,East Michael,,,SE,,,,,,,,,,,,131,sqm,,,,,,34.258450,,,,,15.037922,7610,sqm,,248197,,,,,,,,,,,,,,,,1981,,,,,,,,,,,,,,,,,,,,,,,,,2,1,1,,4,,,,,,,55649,,,Apartment,Hawaii,,,,http://townsend.biz/,"[{""date"":""2018-11-22T14:19:06"",""dateSeen"":""2024-07-19T12:39:07"",""status"":""Active""}]",,,1913
04fe973d-261c-4c19-bff8-3cec2c05b870,"000 Ashley Drive Apt. 606, Bradleymouth, IA 18566",,,,,Williamside,,,SE,,,,,,,,,,,,237,sqm,,,,,,-55.157714,,,,,38.913668,7034,sqm,,323273,,,,,,,,,,,,,,,,2529,,,,,,,,,,,,,,,,,,,,,,,,,1,5,2,,4,,,,,,,10075,,,House,Montana,,,,https://www.huang-sanchez.biz/,"[{""date"":""1985-04-25T05:42:20"",""dateSeen"":""1996-11-13T17:49:44"",""status"":""Active""}]",,,1972
65a5ac1f-7b2e-4fc5-a530-11a23d7439ee,"PSC 1448, Box 5809, APO AP 62701",,,,,West Billy,,,SE,,,,,,,,,,,,142,sqm,,,,,,78.068027,,,,,-122.737275,259,sqm,,228373,,,,,,,,,,,,,,,,1803,,,,,,,,,,,,,,,,,,,,,,,,,4,4,3,,5,,,,,,,51720,,,Apartment,Massachusetts,,,,http://www.long.biz/,"[{""date"":""1999-06-19T04:40:50"",""dateSeen"":""1977-02-18T06:49:05"",""status"":""Active""}]",,,1969
7644d183-9aab-422d-b5ef-8aabb693f4ef,"6294 Sarah Key Apt. 578, East Natalieview, VA 77005",,,,,Kennethton,,,SE,,,,,,,,,,,,109,sqm,,,,,,25.752954,,,,,-161.262711,6309,sqm,,355632,,,,,,,,,,,,,,,,1705,,,,,,,,,,,,,,,,,,,,,,,,,1,5,1,,6,,,,,,,72778,,,Apartment,Maine,,,,https://luna-reed.com/,"[{""date"":""1977-07-04T11:52:58"",""dateSeen"":""2011-09-22T09:31:34"",""status"":""Active""}]",,,1977
6e3a52d7-07fe-4a4e-aa6f-1e475b61f92b,"16882 Eric Expressway Apt. 082, Kellyport, WY 44432",,,,,Port Sydneychester,,,SE,,,,,,,,,,,,145,sqm,,,,,,-47.501382,,,,,3.864126,2238,sqm,,71302,,,,,,,,,,,,,,,,1730,,,,,,,,,,,,,,,,,,,,,,,,,1,1,3,,2,,,,,,,34811,,,Condo,Wyoming,,,,https://www.rollins-manning.com/,"[{""date"":""1985-12-17T10:26:55"",""dateSeen"":""1995-10-06T07:46:04"",""status"":""Active""}]",,,1908
78a55d6b-f2de-400f-a3e8-695158b5f052,"1220 Heidi Rue Apt. 998, West Haleyburgh, CO 05222",,,,,North Patriciafort,,,SE,,,,,,,,,,,,265,sqm,,,,,,31.501552,,,,,18.156117,6183,sqm,,314765,,,,,,,,,,,,,,,,2065,,,,,,,,,,,,,,,,,,,,,,,,,4,3,1,,4,,,,,,,14675,,,Cabin,Massachusetts,,,,https://livingston.net/,"[{""date"":""1975-04-22T00:58:17"",""dateSeen"":""2023-02-11T22:18:25"",""status"":""Active""}]",,,2011
e2cd159a-ebba-40d2-820b-c51ddb3aefa6,"693 Erickson Lodge, Andrewberg, MS 22958",,,,,Cunninghamfurt,,,SE,,,,,,,,,,,,248,sqm,,,,,,67.897873,,,,,37.533795,3476,sqm,,201867,,,,,,,,,,,,,,,,2693,,,,,,,,,,,,,,,,,,,,,,,,,1,5,3,,3,,,,,,,84918,,,Cabin,Colorado,,,,https://www.marks.com/,"[{""date"":""2004-07-14T23:40:34"",""dateSeen"":""2003-05-13T23:23:19"",""status"":""Active""}]",,,1995
79017990-64e3-42cf-a51d-e78b8d00b7b2,"524 Stephen Cliff, Longchester, CO 35304",,,,,Hallville,,,SE,,,,,,,,,,,,40,sqm,,,,,,6.492575,,,,,-129.454287,103,sqm,,438363,,,,,,,,,,,,,,,,1245,,,,,,,,,,,,,,,,,,,,,,,,,4,4,3,,5,,,,,,,18991,,,Condo,Maine,,,,http://www.taylor.biz/,"[{""date"":""2007-12-29T01:16:28"",""dateSeen"":""2017-08-15T07:26:14"",""status"":""Active""}]",,,2008
b6d066f2-7d87-4566-9a0a-80bec15dfcfc,"551 John Parks Suite 430, Kellyhaven, CO 10659",,,,,Ashleybury,,,SE,,,,,,,,,,,,164,sqm,,,,,,12.317493,,,,,-101.897754,5061,sqm,,455002,,,,,,,,,,,,,,,,2171,,,,,,,,,,,,,,,,,,,,,,,,,3,3,1,,9,,,,,,,48669,,,Apartment,West Virginia,,,,http://newton.com/,"[{""date"":""1989-04-02T11:35:11"",""dateSeen"":""1996-02-26T19:39:51"",""status"":""Active""}]",,,2010
c74f73ca-d4c6-47bb-a11e-55c39cc753ad,"735 Reynolds Knolls Suite 417, Davidberg, IA 97929",,,,,West Victor,,,SE,,,,,,,,,,,,176,sqm,,,,,,13.054144,,,,,28.690806,5572,sqm,,79112,,,,,,,,,,,,,,,,647,,,,,,,,,,,,,,,,,,,,,,,,,4,1,1,,4,,,,,,,89774,,,Condo,Delaware,,,,https://poole.com/,"[{""date"":""2003-02-13T10:46:21"",""dateSeen"":""1985-10-31T16:59:15"",""status"":""Active""}]",,,1930
006b8fd6-af15-4ed9-8496-48e85084a40f,"3609 Richard Greens Apt. 521, Port Holly, IN 06228",,,,,South Amandaberg,,,SE,,,,,,,,,,,,107,sqm,,,,,,72.639362,,,,,-72.966234,5879,sqm,,265555,,,,,,,,,,,,,,,,644,,,,,,,,,,,,,,,,,,,,,,,,,4,2,2,,3,,,,,,,79753,,,Condo,Delaware,,,,http://abbott.org/,"[{""date"":""1998-04-03T22:47:35"",""dateSeen"":""1974-07-18T19:03:24"",""status"":""Active""}]",,,1986
3bfb255e-ed0d-4418-ad58-bce989745cd7,"7063 Cherry Canyon Suite 095, Margaretmouth, DC 78607",,,,,West Sierraville,,,SE,,,,,,,,,,,,107,sqm,,,,,,-51.909753,,,,,153.298823,431,sqm,,67021,,,,,,,,,,,,,,,,2950,,,,,,,,,,,,,,,,,,,,,,,,,4,4,1,,3,,,,,,,03663,,,Condo,Louisiana,,,,http://berry.com/,"[{""date"":""1983-09-22T04:31:48"",""dateSeen"":""1998-08-30T06:58:43"",""status"":""Active""}]",,,1960
8f41d3e4-1ece-45e5-8018-41f4820d15c6,"87727 Anderson Glens Suite 198, Loribury, IA 46513",,,,,Rowechester,,,SE,,,,,,,,,,,,207,sqm,,,,,,-88.387618,,,,,116.601758,3294,sqm,,251019,,,,,,,,,,,,,,,,2508,,,,,,,,,,,,,,,,,,,,,,,,,3,1,3,,10,,,,,,,59090,,,House,Alaska,,,,https://jordan.info/,"[{""date"":""2002-05-01T13:35:21"",""dateSeen"":""1979-08-06T09:14:31"",""status"":""Active""}]",,,1983
5c27761d-4894-49fc-b0df-67b93a6f36fa,"134 Sophia Drives, Benjaminburgh, NH 51658",,,,,South Tyler,,,SE,,,,,,,,,,,,202,sqm,,,,,,-77.347728,,,,,1.979785,2136,sqm,,407842,,,,,,,,,,,,,,,,1713,,,,,,,,,,,,,,,,,,,,,,,,,1,5,3,,9,,,,,,,51736,,,Cabin,Hawaii,,,,http://stone.org/,"[{""date"":""2009-08-26T22:43:18"",""dateSeen"":""1999-07-16T03:58:15"",""status"":""Active""}]",,,1978
9e203161-b050-4b01-a22f-c81826f33244,"703 Stein Ville, Angelaborough, AZ 08662",,,,,East Scott,,,SE,,,,,,,,,,,,126,sqm,,,,,,-29.870968,,,,,174.781063,725,sqm,,460053,,,,,,,,,,,,,,,,2105,,,,,,,,,,,,,,,,,,,,,,,,,4,3,3,,3,,,,,,,80451,,,House,Utah,,,,http://walters.info/,"[{""date"":""2016-08-23T21:05:39"",""dateSeen"":""1983-01-28T19:40:19"",""status"":""Active""}]",,,1966
d7de701d-8eaf-4323-9f65-380029c836e0,"7571 Jeffrey Crescent Apt. 678, West Janet, MO 27675",,,,,Port Robertshire,,,SE,,,,,,,,,,,,68,sqm,,,,,,-33.502958,,,,,160.042503,831,sqm,,70961,,,,,,,,,,,,,,,,2491,,,,,,,,,,,,,,,,,,,,,,,,,3,2,2,,7,,,,,,,71390,,,Condo,Nebraska,,,,http://www.day.net/,"[{""date"":""1974-06-30T13:32:44"",""dateSeen"":""1975-04-30T17:57:43"",""status"":""Active""}]",,,2001
7e240205-bb00-4206-b854-29539ad73702,"9541 Katrina Garden, New Michellehaven, FL 61548",,,,,Danielmouth,,,SE,,,,,,,,,,,,77,sqm,,,,,,12.734912,,,,,26.191337,8331,sqm,,416216,,,,,,,,,,,,,,,,2645,,,,,,,,,,,,,,,,,,,,,,,,,1,5,3,,5,,,,,,,29275,,,Apartment,Louisiana,,,,https://www.baker.org/,"[{""date"":""2008-05-08T10:12:50"",""dateSeen"":""2003-01-03T17:36:06"",""status"":""Active""}]",,,1929
86fe0ded-fe38-484b-b489-362c10345193,"0169 Kathleen Burgs Apt. 630, Josephville, LA 49487",,,,,Lake Makayla,,,SE,,,,,,,,,,,,246,sqm,,,,,,0.931202,,,,,96.698958,1476,sqm,,104926,,,,,,,,,,,,,,,,2202,,,,,,,,,,,,,,,,,,,,,,,,,3,1,1,,8,,,,,,,08313,,,Condo,Ohio,,,,http://www.weiss-walsh.com/,"[{""date"":""1992-07-25T11:47:31"",""dateSeen"":""1979-05-15T18:14:50"",""status"":""Active""}]",,,2014
196d362d-fec2-4805-beea-c13d581332c2,"49181 Todd Pike Apt. 518, East Heather, MO 26899",,,,,Baileyview,,,SE,,,,,,,,,,,,258,sqm,,,,,,56.908690,,,,,-72.200214,7162,sqm,,409880,,,,,,,,,,,,,,,,2208,,,,,,,,,,,,,,,,,,,,,,,,,1,4,1,,2,,,,,,,46184,,,Cabin,Washington,,,,http://terrell-hill.com/,"[{""date"":""1975-09-01T23:38:52"",""dateSeen"":""2014-12-07T12:33:33"",""status"":""Active""}]",,,2001
df4a518a-4ef0-4a9b-93fd-2516d1bfbaba,"19041 Jennifer Flats Suite 716, Martinezshire, MD 23325",,,,,Johnchester,,,SE,,,,,,,,,,,,210,sqm,,,,,,-13.030880,,,,,-163.171815,1252,sqm,,113637,,,,,,,,,,,,,,,,1971,,,,,,,,,,,,,,,,,,,,,,,,,4,3,3,,6,,,,,,,92085,,,Cabin,Utah,,,,http://www.singleton.com/,"[{""date"":""1991-07-27T04:41:51"",""dateSeen"":""2007-04-13T18:51:59"",""status"":""Active""}]",,,1910
0c661a49-4995-4cf1-baaf-500ca74b3d20,"824 Kristi Manor, Brandiview, ND 64660",,,,,Ericksonchester,,,SE,,,,,,,,,,,,148,sqm,,,,,,49.779995,,,,,-152.466992,6093,sqm,,86971,,,,,,,,,,,,,,,,2943,,,,,,,,,,,,,,,,,,,,,,,,,3,3,1,,2,,,,,,,22722,,,Cabin,Mississippi,,,,http://johnson-miller.com/,"[{""date"":""1982-06-06T00:04:08"",""dateSeen"":""1978-10-04T08:38:59"",""status"":""Active""}]",,,2006
e4bd7d57-03e3-425b-b00b-1433f5d61476,"83744 Reynolds Square Apt. 285, East Edward, ME 19545",,,,,New Tonya,,,SE,,,,,,,,,,,,33,sqm,,,,,,-41.346196,,,,,-55.105877,4904,sqm,,243530,,,,,,,,,,,,,,,,600,,,,,,,,,,,,,,,,,,,,,,,,,2,1,1,,3,,,,,,,04072,,,House,Ohio,,,,https://www.chang.org/,"[{""date"":""2016-05-10T12:39:57"",""dateSeen"":""1981-06-07T16:04:28"",""status"":""Active""}]",,,1995
fcd4fb19-8625-4cb0-bf79-dd31beb778d6,"730 Jackson Parkways, Lewisside, NM 14006",,,,,Port Christopher,,,SE,,,,,,,,,,,,206,sqm,,,,,,-87.168706,,,,,-49.524309,4330,sqm,,118240,,,,,,,,,,,,,,,,614,,,,,,,,,,,,,,,,,,,,,,,,,2,2,2,,3,,,,,,,11215,,,House,Alabama,,,,https://hill.biz/,"[{""date"":""1987-07-29T22:37:37"",""dateSeen"":""2019-06-02T16:39:28"",""status"":""Active""}]",,,1961
28600311-c315-4334-a47c-98ea139e5ca2,"08173 Mckinney Trace, New Courtney, LA 02269",,,,,West Elizabeth,,,SE,,,,,,,,,,,,197,sqm,,,,,,44.687587,,,,,164.487142,3115,sqm,,360912,,,,,,,,,,,,,,,,830,,,,,,,,,,,,,,,,,,,,,,,,,3,3,2,,6,,,,,,,39475,,,House,Mississippi,,,,https://www.mendoza.com/,"[{""date"":""2011-05-31T22:52:46"",""dateSeen"":""1997-01-04T04:04:53"",""status"":""Active""}]",,,1937
70bc3ec1-4d29-477a-b939-10e656e16c2b,"559 Foster Locks Suite 933, Robinsonhaven, NY 18885",,,,,Starkview,,,SE,,,,,,,,,,,,94,sqm,,,,,,32.462405,,,,,169.251680,3750,sqm,,215618,,,,,,,,,,,,,,,,2582,,,,,,,,,,,,,,,,,,,,,,,,,3,2,2,,4,,,,,,,40039,,,Cabin,Nevada,,,,http://www.ellis-jones.com/,"[{""date"":""2010-08-22T05:30:08"",""dateSeen"":""1977-01-09T09:34:10"",""status"":""Active""}]",,,2021
cb3d7ee7-fa9f-441a-81a0-64bedb0dff11,"USNS Ayers, FPO AE 81523",,,,,Lake Michael,,,SE,,,,,,,,,,,,53,sqm,,,,,,86.272382,,,,,-171.146886,2266,sqm,,365206,,,,,,,,,,,,,,,,584,,,,,,,,,,,,,,,,,,,,,,,,,2,2,2,,7,,,,,,,01682,,,House,Louisiana,,,,http://www.rivers-young.info/,"[{""date"":""2020-03-30T12:20:31"",""dateSeen"":""1994-09-21T07:45:59"",""status"":""Active""}]",,,1953
9502e1d5-167a-4089-9ace-cdbfdbb59fc2,"020 Gomez Fords, Gonzalezburgh, HI 65552",,,,,New Brittany,,,SE,,,,,,,,,,,,243,sqm,,,,,,78.435524,,,,,-58.295745,2431,sqm,,359894,,,,,,,,,,,,,,,,2229,,,,,,,,,,,,,,,,,,,,,,,,,1,1,1,,8,,,,,,,77414,,,Condo,Nebraska,,,,http://www.merritt-johnson.com/,"[{""date"":""2004-03-11T19:06:35"",""dateSeen"":""1975-10-20T02:36:17"",""status"":""Active""}]",,,1938
a20847d8-54ed-4b3b-8f70-70e66b58996c,"PSC 9305, Box 2547, APO AA 80319",,,,,Josephland,,,SE,,,,,,,,,,,,219,sqm,,,,,,-47.163336,,,,,-122.192723,8770,sqm,,80333,,,,,,,,,,,,,,,,2041,,,,,,,,,,,,,,,,,,,,,,,,,3,1,1,,9,,,,,,,99414,,,Apartment,New Jersey,,,,https://west.biz/,"[{""date"":""2022-02-23T02:54:53"",""dateSeen"":""1978-08-08T18:35:31"",""status"":""Active""}]",,,1980
f02dd043-d01a-4ef6-a829-4aabafaf2b68,"127 Parks Courts, Bakerville, MI 67226",,,,,North Blaketown,,,SE,,,,,,,,,,,,134,sqm,,,,,,-57.018265,,,,,39.098060,6188,sqm,,203779,,,,,,,,,,,,,,,,2428,,,,,,,,,,,,,,,,,,,,,,,,,1,4,3,,7,,,,,,,18653,,,Condo,Wyoming,,,,https://edwards.com/,"[{""date"":""2017-10-31T18:03:20"",""dateSeen"":""1996-09-05T05:10:19"",""status"":""Active""}]",,,1956
fc7aad95-bfdf-4a9e-9446-d493a4d6ce54,"0096 Ann Squares, Richardside, WA 58918",,,,,New Shelly,,,SE,,,,,,,,,,,,108,sqm,,,,,,-34.349552,,,,,135.976858,7409,sqm,,259073,,,,,,,,,,,,,,,,1259,,,,,,,,,,,,,,,,,,,,,,,,,2,1,2,,3,,,,,,,84943,,,Cabin,Florida,,,,http://www.harrison.com/,"[{""date"":""2013-04-21T19:02:21"",""dateSeen"":""1973-07-05T06:50:11"",""status"":""Active""}]",,,1971
11f63e9b-c736-4a75-861b-2c77860215be,"28215 Joy Islands Apt. 591, West Jamiemouth, TX 64094",,,,,Nicholsland,,,SE,,,,,,,,,,,,297,sqm,,,,,,27.777851,,,,,25.995617,2435,sqm,,236314,,,,,,,,,,,,,,,,2394,,,,,,,,,,,,,,,,,,,,,,,,,4,2,1,,9,,,,,,,41857,,,Condo,Colorado,,,,https://simmons.biz/,"[{""date"":""2004-10-20T22:12:37"",""dateSeen"":""1991-04-30T09:03:38"",""status"":""Active""}]",,,1943
24a703e3-120a-402f-a11a-15c325efc3a9,"911 Cunningham Knoll Suite 695, Huntbury, NY 05428",,,,,Harringtonstad,,,SE,,,,,,,,,,,,259,sqm,,,,,,-88.149127,,,,,-45.906001,7669,sqm,,54077,,,,,,,,,,,,,,,,1395,,,,,,,,,,,,,,,,,,,,,,,,,4,2,2,,2,,,,,,,67652,,,Cabin,Michigan,,,,http://richardson.com/,"[{""date"":""2007-02-20T15:36:31"",""dateSeen"":""1971-08-27T17:24:31"",""status"":""Active""}]",,,2006
f97b8d62-1c95-47d0-81ff-bbc184c85b95,"52547 Avila Manor Apt. 375, North Kathleen, NC 86811",,,,,Port Paul,,,SE,,,,,,,,,,,,271,sqm,,,,,,65.764012,,,,,79.682185,1616,sqm,,405560,,,,,,,,,,,,,,,,2538,,,,,,,,,,,,,,,,,,,,,,,,,1,3,3,,4,,,,,,,90278,,,Apartment,Maine,,,,http://www.gibson.com/,"[{""date"":""2011-08-14T16:12:57"",""dateSeen"":""2000-01-22T00:25:12"",""status"":""Active""}]",,,1954
fa7199d6-53e8-4886-9411-723a50b417eb,"663 James Garden, West Sydney, OR 49268",,,,,Allenmouth,,,SE,,,,,,,,,,,,168,sqm,,,,,,-50.683967,,,,,-7.098552,764,sqm,,50132,,,,,,,,,,,,,,,,1550,,,,,,,,,,,,,,,,,,,,,,,,,4,3,3,,2,,,,,,,83487,,,House,South Carolina,,,,http://www.pierce-herrera.org/,"[{""date"":""1977-10-22T21:13:34"",""dateSeen"":""2000-05-30T13:28:43"",""status"":""Active""}]",,,1915
2e7833c5-b11b-42df-b46e-ba317ad5af81,"187 Kelly Groves, West Megan, VA 03219",,,,,East Sueburgh,,,SE,,,,,,,,,,,,175,sqm,,,,,,-68.274024,,,,,-45.323521,3311,sqm,,362166,,,,,,,,,,,,,,,,849,,,,,,,,,,,,,,,,,,,,,,,,,4,4,1,,6,,,,,,,60575,,,Condo,Oklahoma,,,,https://cervantes-allison.biz/,"[{""date"":""1973-09-15T10:11:46"",""dateSeen"":""1977-10-30T04:33:03"",""status"":""Active""}]",,,1945
fbb22429-55ab-42c5-8f08-502ee47e3d10,"874 Farrell Orchard Suite 311, New Veronicashire, MA 96567",,,,,New Jimmyton,,,SE,,,,,,,,,,,,90,sqm,,,,,,-6.224188,,,,,-130.887904,8786,sqm,,180572,,,,,,,,,,,,,,,,1169,,,,,,,,,,,,,,,,,,,,,,,,,1,3,2,,10,,,,,,,96198,,,Cabin,Connecticut,,,,https://www.dunlap.com/,"[{""date"":""1988-11-24T20:27:02"",""dateSeen"":""1990-02-09T07:02:09"",""status"":""Active""}]",,,1943
9722bf90-2f07-4516-a8a1-4cd328a3938c,"USNS Anderson, FPO AE 34301",,,,,Kramerberg,,,SE,,,,,,,,,,,,297,sqm,,,,,,-17.170504,,,,,-70.244034,3545,sqm,,328593,,,,,,,,,,,,,,,,931,,,,,,,,,,,,,,,,,,,,,,,,,4,3,2,,10,,,,,,,81268,,,Cabin,West Virginia,,,,http://www.russell.org/,"[{""date"":""1971-03-04T09:32:37"",""dateSeen"":""1993-12-01T07:18:12"",""status"":""Active""}]",,,1917
ad982a08-7ad0-4668-a892-d63b89aeb616,"94930 Madison Streets Apt. 622, Ryanhaven, IN 88294",,,,,South Leslie,,,SE,,,,,,,,,,,,100,sqm,,,,,,84.257244,,,,,162.168427,2673,sqm,,114643,,,,,,,,,,,,,,,,993,,,,,,,,,,,,,,,,,,,,,,,,,4,3,2,,9,,,,,,,30836,,,Condo,New Hampshire,,,,https://www.bailey.com/,"[{""date"":""2006-08-28T03:03:11"",""dateSeen"":""2010-01-21T12:56:52"",""status"":""Active""}]",,,1947
49262a13-37c6-4f46-8860-95c2f812b022,"61918 Jennifer Mount, South Jose, ND 26070",,,,,Lake Casey,,,SE,,,,,,,,,,,,183,sqm,,,,,,10.976700,,,,,94.809970,5900,sqm,,381408,,,,,,,,,,,,,,,,2436,,,,,,,,,,,,,,,,,,,,,,,,,4,5,2,,4,,,,,,,43368,,,Condo,New Hampshire,,,,http://fitzgerald-cruz.com/,"[{""date"":""2022-07-20T19:39:16"",""dateSeen"":""2018-04-22T06:46:49"",""status"":""Active""}]",,,1971
26e5e2da-91b9-4f8b-8a84-9529b662f7ed,"789 Clark Ford Suite 118, Martinezmouth, SD 22511",,,,,East Jesseville,,,SE,,,,,,,,,,,,282,sqm,,,,,,19.117022,,,,,-142.600103,1086,sqm,,282774,,,,,,,,,,,,,,,,1729,,,,,,,,,,,,,,,,,,,,,,,,,2,4,2,,10,,,,,,,50043,,,Condo,Rhode Island,,,,http://www.vasquez.com/,"[{""date"":""2004-12-03T17:53:07"",""dateSeen"":""1978-11-11T18:15:11"",""status"":""Active""}]",,,1940
93aae480-8cdc-4389-b1ff-ba999a924849,"647 Michael Trafficway Apt. 037, New Evelyn, AL 19289",,,,,South Thomas,,,SE,,,,,,,,,,,,211,sqm,,,,,,84.202964,,,,,-24.297314,7825,sqm,,254978,,,,,,,,,,,,,,,,541,,,,,,,,,,,,,,,,,,,,,,,,,4,1,3,,5,,,,,,,36685,,,House,Rhode Island,,,,https://le.com/,"[{""date"":""2011-10-21T01:53:09"",""dateSeen"":""1978-06-22T03:00:48"",""status"":""Active""}]",,,1903
9cd3a795-5edd-4aae-bf10-4dcfd39dd7ca,"26307 Thomas Vista, Jocelynberg, NY 42636",,,,,Francesland,,,SE,,,,,,,,,,,,89,sqm,,,,,,-36.251338,,,,,-21.519235,161,sqm,,191729,,,,,,,,,,,,,,,,1698,,,,,,,,,,,,,,,,,,,,,,,,,1,4,1,,7,,,,,,,25616,,,Cabin,Mississippi,,,,https://johnson-alexander.com/,"[{""date"":""2012-11-01T01:19:53"",""dateSeen"":""2014-12-30T12:06:35"",""status"":""Active""}]",,,1905
d4814f7f-3022-48f1-86d6-c42427b22a70,"92964 Darryl Estate Apt. 786, Port Benjamin, NJ 75591",,,,,Lake Michaelville,,,SE,,,,,,,,,,,,252,sqm,,,,,,-24.062254,,,,,99.400998,7651,sqm,,425571,,,,,,,,,,,,,,,,1852,,,,,,,,,,,,,,,,,,,,,,,,,2,5,2,,5,,,,,,,65286,,,House,Connecticut,,,,http://www.sutton.com/,"[{""date"":""2020-02-29T08:20:52"",""dateSeen"":""2009-11-13T05:16:49"",""status"":""Active""}]",,,1913
cb020672-8fff-4a1a-b3e5-2b1541c14dc0,"198 Stephanie Run, North Jeremy, PA 88950",,,,,Port Dana,,,SE,,,,,,,,,,,,259,sqm,,,,,,76.594798,,,,,-84.806135,2516,sqm,,324811,,,,,,,,,,,,,,,,1794,,,,,,,,,,,,,,,,,,,,,,,,,2,3,2,,8,,,,,,,78100,,,Condo,Georgia,,,,http://www.davis-dean.org/,"[{""date"":""2023-01-31T14:58:55"",""dateSeen"":""1987-07-22T22:18:29"",""status"":""Active""}]",,,1918
0a9ffe96-fdf0-4605-ab7b-2370940ca324,"0554 Myers Brooks, Deniseborough, CO 78168",,,,,East Monique,,,SE,,,,,,,,,,,,229,sqm,,,,,,-4.186996,,,,,-174.265430,7100,sqm,,473019,,,,,,,,,,,,,,,,2515,,,,,,,,,,,,,,,,,,,,,,,,,2,2,2,,7,,,,,,,59873,,,House,Indiana,,,,https://stone.org/,"[{""date"":""2014-08-17T13:18:12"",""dateSeen"":""2006-04-16T15:00:30"",""status"":""Active""}]",,,2001
334f97a4-ec8b-4978-a363-a1f0fcfd3246,"434 Miller Drive Suite 067, Lake Kimberlyport, RI 56058",,,,,Carrshire,,,SE,,,,,,,,,,,,55,sqm,,,,,,-37.747458,,,,,-93.927164,6462,sqm,,67447,,,,,,,,,,,,,,,,1458,,,,,,,,,,,,,,,,,,,,,,,,,2,2,2,,5,,,,,,,68338,,,Condo,West Virginia,,,,http://franco.com/,"[{""date"":""1983-06-19T07:56:11"",""dateSeen"":""2002-12-28T16:41:11"",""status"":""Active""}]",,,1975
83f07d7c-43c5-42d3-b888-6792e1558ec6,"2035 Erickson Wall Apt. 064, Christyborough, MT 17214",,,,,East Michaelfort,,,SE,,,,,,,,,,,,182,sqm,,,,,,5.036246,,,,,49.613044,1519,sqm,,419583,,,,,,,,,,,,,,,,2597,,,,,,,,,,,,,,,,,,,,,,,,,2,3,1,,4,,,,,,,23276,,,Cabin,New Hampshire,,,,https://silva-downs.net/,"[{""date"":""2024-06-29T21:18:12"",""dateSeen"":""2000-10-25T03:45:56"",""status"":""Active""}]",,,1929
f31a5950-03fb-48c0-9897-6794218a6b18,"736 Robert Spring Suite 924, Alisonside, TX 44721",,,,,East Aaronmouth,,,SE,,,,,,,,,,,,294,sqm,,,,,,31.422674,,,,,-73.486633,9065,sqm,,435045,,,,,,,,,,,,,,,,2263,,,,,,,,,,,,,,,,,,,,,,,,,3,4,2,,2,,,,,,,44768,,,Apartment,Wisconsin,,,,http://duncan.info/,"[{""date"":""1997-03-30T02:05:24"",""dateSeen"":""1971-01-05T04:51:33"",""status"":""Active""}]",,,1980
5462a18d-1b6d-4ce9-8136-4fc51a6ed97f,"184 Curtis Ridges Suite 031, South Gabriel, KS 91501",,,,,South Janet,,,SE,,,,,,,,,,,,202,sqm,,,,,,60.516590,,,,,23.212705,4456,sqm,,72143,,,,,,,,,,,,,,,,679,,,,,,,,,,,,,,,,,,,,,,,,,4,3,3,,9,,,,,,,04073,,,Condo,Oregon,,,,http://www.collins.biz/,"[{""date"":""1984-03-14T06:40:08"",""dateSeen"":""1987-06-16T03:20:51"",""status"":""Active""}]",,,1927
768ec101-3ac2-496e-a243-6476b9298df6,"60969 Justin Passage Suite 774, Joshuaburgh, IN 61092",,,,,Dawnstad,,,SE,,,,,,,,,,,,33,sqm,,,,,,-13.142511,,,,,-47.288193,2400,sqm,,83391,,,,,,,,,,,,,,,,2252,,,,,,,,,,,,,,,,,,,,,,,,,2,3,1,,6,,,,,,,82014,,,Cabin,New Mexico,,,,http://www.daniel-cardenas.com/,"[{""date"":""1983-06-16T17:35:18"",""dateSeen"":""2025-07-22T05:44:12"",""status"":""Active""}]",,,1983
9a04bb70-b334-45ba-b387-1cf4638016f5,"76775 James Ford, South Victorialand, NC 91397",,,,,Austinborough,,,SE,,,,,,,,,,,,203,sqm,,,,,,-83.874026,,,,,112.355098,1776,sqm,,367904,,,,,,,,,,,,,,,,850,,,,,,,,,,,,,,,,,,,,,,,,,4,5,1,,9,,,,,,,56609,,,House,Colorado,,,,https://melendez.biz/,"[{""date"":""2000-07-18T21:43:04"",""dateSeen"":""2017-11-26T23:05:13"",""status"":""Active""}]",,,1924
106fa2ec-4896-462c-b397-b350838a325d,"Unit 1566 Box 6347, DPO AA 73087",,,,,Lake Ryanport,,,SE,,,,,,,,,,,,44,sqm,,,,,,-48.658810,,,,,34.257358,8652,sqm,,73253,,,,,,,,,,,,,,,,1278,,,,,,,,,,,,,,,,,,,,,,,,,3,5,2,,7,,,,,,,64085,,,Apartment,Utah,,,,https://calhoun.org/,"[{""date"":""2019-02-12T21:33:19"",""dateSeen"":""2010-11-16T21:09:58"",""status"":""Active""}]",,,1932
5ea2fdfb-8c33-4f4d-b83d-4a6d4d4e4e29,"0677 Jones Forks, Jerrytown, MA 20947",,,,,Port Patricia,,,SE,,,,,,,,,,,,133,sqm,,,,,,-42.441302,,,,,144.240302,4216,sqm,,402671,,,,,,,,,,,,,,,,1734,,,,,,,,,,,,,,,,,,,,,,,,,1,2,3,,7,,,,,,,13554,,,Apartment,California,,,,http://www.mayo.biz/,"[{""date"":""2015-12-12T14:23:11"",""dateSeen"":""1999-05-14T01:52:23"",""status"":""Active""}]",,,1924
70bef8fb-6598-42bf-8a18-bafe2df4a748,"72117 Gross Inlet, Petershire, KY 43993",,,,,Jonesport,,,SE,,,,,,,,,,,,152,sqm,,,,,,80.079383,,,,,-13.914226,829,sqm,,210334,,,,,,,,,,,,,,,,2760,,,,,,,,,,,,,,,,,,,,,,,,,4,3,2,,7,,,,,,,60110,,,Apartment,Iowa,,,,http://coleman.com/,"[{""date"":""1995-02-06T18:05:38"",""dateSeen"":""1970-06-25T18:51:53"",""status"":""Active""}]",,,2011
004cdaf0-0ed9-4a32-8f0f-a9db4b6a3fea,"92719 Andrew Summit, Port Craig, CA 80130",,,,,East Lorifort,,,SE,,,,,,,,,,,,241,sqm,,,,,,-59.094795,,,,,74.251439,8186,sqm,,291440,,,,,,,,,,,,,,,,2302,,,,,,,,,,,,,,,,,,,,,,,,,1,4,2,,9,,,,,,,11026,,,Cabin,Nevada,,,,https://www.garcia.biz/,"[{""date"":""2004-10-21T01:20:03"",""dateSeen"":""1978-11-06T04:54:18"",""status"":""Active""}]",,,1906
f54e8889-81ac-4529-a064-1fcb14abd4d2,"65858 Stout Garden, East Cassidystad, LA 46756",,,,,Andrewtown,,,SE,,,,,,,,,,,,108,sqm,,,,,,-33.765808,,,,,170.298815,6883,sqm,,161917,,,,,,,,,,,,,,,,2304,,,,,,,,,,,,,,,,,,,,,,,,,1,1,1,,3,,,,,,,34291,,,Cabin,Georgia,,,,http://www.poole.info/,"[{""date"":""2015-05-14T12:04:58"",""dateSeen"":""1978-07-24T18:21:17"",""status"":""Active""}]",,,2005
d13d78bc-42c0-4c7e-b740-2ba246884eed,"55318 Thomas Glen, Jakeville, TN 90991",,,,,West Lauren,,,SE,,,,,,,,,,,,122,sqm,,,,,,-16.223987,,,,,28.231095,4191,sqm,,306908,,,,,,,,,,,,,,,,1401,,,,,,,,,,,,,,,,,,,,,,,,,4,5,2,,2,,,,,,,14020,,,Cabin,Wyoming,,,,https://www.rivera.biz/,"[{""date"":""2006-07-20T08:28:51"",""dateSeen"":""1988-05-21T03:24:54"",""status"":""Active""}]",,,2022
eb76dbed-28c4-42ff-8cbc-2cbcc7439bed,"156 Kim Grove Apt. 245, East Tylershire, OR 10193",,,,,Mitchellton,,,SE,,,,,,,,,,,,176,sqm,,,,,,-81.935088,,,,,145.766592,8964,sqm,,463683,,,,,,,,,,,,,,,,1324,,,,,,,,,,,,,,,,,,,,,,,,,3,3,2,,8,,,,,,,01181,,,House,Kentucky,,,,http://wu.org/,"[{""date"":""2007-05-03T08:30:52"",""dateSeen"":""1983-06-21T13:09:22"",""status"":""Active""}]",,,1913
a497af90-0815-4b1f-b77b-8c86ea3249e6,"8799 Stuart Key, Davetown, MN 24886",,,,,Boothbury,,,SE,,,,,,,,,,,,163,sqm,,,,,,80.897954,,,,,159.020364,4565,sqm,,171523,,,,,,,,,,,,,,,,567,,,,,,,,,,,,,,,,,,,,,,,,,4,5,3,,9,,,,,,,89723,,,Apartment,Washington,,,,https://www.melton.biz/,"[{""date"":""2021-07-21T20:16:13"",""dateSeen"":""1996-09-11T19:00:36"",""status"":""Active""}]",,,1968
